"","chr.pos","rsid","bx","bxse","by","byse","a1","a2"
"1","chr1:10796866","rs880315",-0.2493,0.0337,-0.0259,0.0061,"T","C"
"2","chr1:11862778","rs17367504",0.285,0.043,0.0356,0.0069,"A","G"
"3","chr1:15798197","rs3820068",0.197,0.0401,0.0156,0.0072,"A","G"
"4","chr1:1687482","rs2076328",0.1695,0.0335,0.0171,0.0059,"T","G"
"5","chr1:207919748","rs2761436",-0.1688,0.031,-0.008,0.0057,"T","C"
"6","chr1:56576924","rs112557609",0.1601,0.0329,0.0288,0.006,"A","G"
"7","chr1:59663341","rs60199046",0.226,0.0341,0.0238,0.0064,"A","G"
"8","chr1:9441949","rs9662255",-0.1544,0.0325,-0.0063,0.0058,"A","C"
"9","chr10:102604514","rs112184198",-0.2555,0.0513,0.015,0.0097,"A","G"
"10","chr10:104846178","rs11191548",-0.5207,0.0552,-0.064,0.0086,"T","C"
"11","chr10:114754071","rs34872471",0.1581,0.0344,0.0228,0.0062,"T","C"
"12","chr10:30317073","rs9337951",0.2055,0.0356,0.0543,0.0064,"A","G"
"13","chr10:95895940","rs932764",-0.2263,0.0315,-0.0016,0.0051,"A","G"
"14","chr11:100593538","rs633185",-0.2091,0.0342,-0.0339,0.0056,"C","G"
"15","chr11:16302939","rs4757391",0.1929,0.0386,0.0104,0.0069,"T","C"
"16","chr11:17409572","rs5219",-0.1498,0.0319,-0.0037,0.0059,"T","C"
"17","chr11:1905292","rs661348",0.1906,0.034,0.0075,0.006,"T","C"
"18","chr11:89224453","rs2289125",0.2962,0.0393,-0.0077,0.0068,"A","C"
"19","chr12:111884608","rs3184504",-0.1476,0.0316,-0.0576,0.0055,"T","C"
"20","chr12:50537815","rs7302981",0.1544,0.0314,-0.0044,0.0053,"A","G"
"21","chr12:54443090","rs7297416",0.1737,0.0341,0.0113,0.0062,"A","C"
"22","chr12:90060586","rs17249754",-0.3883,0.042,0.0554,0.0072,"A","G"
"23","chr13:113636156","rs9549328",-0.1712,0.0377,-0.037,0.0068,"T","C"
"24","chr13:30146201","rs9508495",0.1611,0.036,0.0016,0.0064,"T","C"
"25","chr14:23865885","rs452036",-0.2184,0.0327,0,0.006,"A","G"
"26","chr14:35871217","rs8904",-0.2116,0.0325,-0.0044,0.0058,"A","G"
"27","chr14:53377540","rs9888615",0.1651,0.0339,0.0106,0.0062,"T","C"
"28","chr14:98587630","rs9323988",0.1449,0.0316,0.0112,0.0058,"T","C"
"29","chr15:48914926","rs1036477",0.3882,0.0503,0.0182,0.0087,"A","G"
"30","chr15:81016227","rs2759308",-0.1575,0.0313,-0.0105,0.0058,"A","G"
"31","chr15:91437388","rs2521501",0.2406,0.0353,0.0656,0.0063,"A","T"
"32","chr16:69640217","rs33063",0.2349,0.044,-0.0089,0.008,"A","G"
"33","chr16:75444572","rs35261357",-0.2028,0.0318,-0.046,0.0058,"T","C"
"34","chr16:83045790","rs7500448",0.2762,0.0363,0.0557,0.0068,"A","G"
"35","chr17:43208121","rs12946454",-0.1811,0.0353,-0.0049,0.0058,"A","T"
"36","chr17:45013271","rs17608766",0.4472,0.0457,0.0469,0.0076,"T","C"
"37","chr17:46688256","rs7406910",0.3258,0.0553,0.0087,0.0094,"T","C"
"38","chr17:57853214","rs2645466",-0.1725,0.0336,-0.0095,0.0061,"A","C"
"39","chr17:59485393","rs2240736",0.1856,0.0357,0.0245,0.0063,"T","C"
"40","chr17:60767151","rs740698",-0.148,0.0325,-0.007,0.0058,"T","C"
"41","chr17:6473882","rs28427409",-0.1712,0.0315,-0.0099,0.0058,"T","C"
"42","chr17:7571752","rs78378222",0.7501,0.1423,0.0104,0.0284,"T","G"
"43","chr18:42141977","rs12958173",0.1723,0.0337,3e-04,0.0058,"A","C"
"44","chr18:43097750","rs7236548",0.2444,0.0396,0.0065,0.007,"A","C"
"45","chr18:48283949","rs36010659",-0.2072,0.0447,-0.0044,0.0081,"T","C"
"46","chr2:164963486","rs1446468",-0.2135,0.0315,-0.02,0.0058,"T","C"
"47","chr2:179786068","rs79146658",-0.2561,0.0578,0.0095,0.0106,"T","C"
"48","chr2:208526140","rs55780018",0.1909,0.0329,0.0049,0.0059,"T","C"
"49","chr2:20878820","rs7255",0.1567,0.0316,-0.0116,0.0052,"T","C"
"50","chr2:26914364","rs1275988",-0.2424,0.0314,-0.0083,0.0058,"T","C"
"51","chr2:96675166","rs2579519",0.1445,0.0326,0.0016,0.0059,"T","C"
"52","chr20:19465907","rs6081613",0.207,0.0345,-0.0095,0.0062,"A","G"
"53","chr20:42797358","rs6031435",-0.14,0.031,-0.007,0.0057,"A","G"
"54","chr21:44760603","rs12627651",0.1702,0.036,0.0161,0.0065,"A","G"
"55","chr22:19967980","rs12628032",-0.1924,0.034,-0.0254,0.0061,"T","C"
"56","chr3:169100886","rs419076",-0.1395,0.0308,-0.0059,0.0056,"T","C"
"57","chr3:41912651","rs9815354",-0.3646,0.0424,-0.0163,0.0076,"A","G"
"58","chr4:103188709","rs13107325",-0.3151,0.0633,-3e-04,0.0112,"T","C"
"59","chr4:106911742","rs13112725",0.1722,0.0374,0.0135,0.0065,"C","G"
"60","chr4:169688000","rs869396",-0.1681,0.0314,-0.0265,0.0052,"A","C"
"61","chr4:54799245","rs871606",0.3943,0.051,0.0191,0.0076,"T","C"
"62","chr4:81164723","rs1458038",0.2615,0.0341,0.0382,0.0056,"T","C"
"63","chr4:86715670","rs2014912",0.3198,0.0435,0.0101,0.0077,"T","C"
"64","chr5:122476457","rs13359291",0.2332,0.0419,0.0279,0.0075,"A","G"
"65","chr5:32815028","rs1173771",0.2746,0.0315,0.0188,0.0052,"A","G"
"66","chr6:127115454","rs13209747",0.1768,0.0314,0,0.0057,"T","C"
"67","chr6:12903957","rs9349379",0.1894,0.0328,-0.1072,0.0058,"A","G"
"68","chr6:152398505","rs9479200",-0.272,0.0481,-0.0037,0.0083,"A","G"
"69","chr6:159699125","rs449789",-0.2274,0.0457,-0.041,0.0081,"C","G"
"70","chr6:169587103","rs1322639",-0.192,0.0375,-8e-04,0.0067,"A","G"
"71","chr6:31708147","rs409558",0.3053,0.0433,-0.0043,0.0079,"T","C"
"72","chr6:43308363","rs1563788",-0.1843,0.0338,-0.019,0.0061,"T","C"
"73","chr7:128573967","rs4728142",-0.1429,0.0315,0.0025,0.0057,"A","G"
"74","chr7:19049388","rs2107595",-0.3281,0.0422,-0.0752,0.0073,"A","G"
"75","chr7:28658522","rs917275",-0.1614,0.0322,-0.0223,0.0054,"A","G"
"76","chr7:40447971","rs76206723",-0.3315,0.0503,-0.0118,0.0087,"A","G"
"77","chr7:46008110","rs11977526",-0.3145,0.0325,0.0126,0.0052,"A","G"
"78","chr8:105966258","rs35783704",-0.2582,0.0522,-0.0108,0.01,"A","G"
"79","chr8:11433909","rs2898290",-0.1943,0.0314,-3e-04,0.0053,"T","C"
"80","chr8:120435812","rs2071518",-0.3545,0.0354,-0.0054,0.0063,"T","C"
"81","chr8:141060027","rs4454254",-0.2154,0.0321,-0.0014,0.0058,"A","G"
"82","chr8:76591880","rs1449544",-0.1729,0.031,-0.0068,0.0056,"A","C"
"83","chr9:123640500","rs1953126",-0.1611,0.0325,-0.0095,0.006,"T","C"
"84","chr9:125755571","rs10818775",0.2509,0.0474,0.0077,0.0084,"T","C"
"85","chr9:127900996","rs72765298",0.3003,0.0494,-0.0071,0.009,"T","C"
