"V1","V2","V3","V4","V5","V6"
"rs1097327","rs3737992","rs12024554","rs115866895","rs4648450","rs61743745"
"rs2186120","rs1167311","rs35722922","rs6687953","rs12031634","rs10921760"
"rs2166172","rs12140153","rs593010","rs935166","rs1778830","rs2141004"
"rs75641275","rs34361149","rs10803762","rs13002946","rs61826867","rs754481"
"rs12037698","rs12049202","rs6772763","rs72820274","rs170553","rs80330591"
"rs1446585","rs2181375","rs80082351","rs12619626","rs10185199","rs199750218"
"rs16846140","rs17024393","rs1471740","rs13427822","rs6545144","rs12479357"
"rs13062093","rs61813324","rs2606228","rs72967047","rs3806572","rs4485556"
"rs2051559","rs815163","rs13107325","rs9843653","rs2861685","rs2569993"
"rs6861649","rs2678204","rs13176429","rs1454687","rs7557796","rs9847186"
"rs2281819","rs17014332","rs1919243","rs34811474","rs72844755","rs13076052"
"rs12662900","rs563738408","rs286818","rs17085463","rs115584509","rs762705"
"rs9388681","rs6751993","rs3844598","rs1383723","rs35882248","rs550669262"
"rs17132130","rs4671328","rs7755574","rs35853157","rs34373881","rs10865612"
"rs215634","rs6545714","rs3843540","rs1503526","rs4377469","rs6780459"
"rs79682948","rs4482463","rs17716502","rs1477290","rs75557510","rs73169730"
"rs2192649","rs815715","rs1411432","rs9463511","rs2035936","rs10938397"
"rs13294945","rs6769617","rs2267958","rs9277992","rs66679256","rs35851183"
"rs7357754","rs1225004","rs2450447","rs236660","rs73213484","rs190301182"
"rs4749937","rs355777","rs11826177","rs2045293","rs6831020","rs1428120"
"rs1465900","rs6776471","rs7124681","rs10954772","rs11099020","rs245775"
"rs1799992","rs869400","rs317687","rs77883185","rs750090","rs1775255"
"rs55938344","rs4261944","rs3897102","rs35529153","rs6536575","rs2749929"
"rs7987928","rs1296328","rs9506311","rs11782074","rs7701777","rs6973656"
"rs7331420","rs6867471","rs35193668","rs2398861","rs9291822","rs12537134"
"rs9522279","rs2307111","rs3759584","rs7030732","rs10059453","rs1425717"
"rs55689274","rs28404639","rs862320","rs61845249","rs2118793","rs11012732"
"rs4777541","rs7442885","rs7774","rs4595495","rs4921301","rs12260817"
"rs7189149","rs55838622","rs8078135","rs61903695","rs4467770","rs112921972"
"rs11079849","rs13174863","rs11653258","rs1048932","rs7453694","rs61871615"
"rs113230003","rs146696797","rs56212061","rs2292238","rs9342196","rs10749233"
"rs150998792","rs9368828","rs11084554","rs116394958","rs9489620","rs845084"
NA,"rs34045288","rs2153740","rs2933223","rs13210756","rs67609008"
NA,"rs72892910","rs8134638","rs217672","rs3807652","rs2035806"
NA,"rs2482398","rs2837398","rs2333012","rs7810870","rs12575252"
NA,"rs2253310",NA,"rs11855853","rs7461253","rs555754158"
NA,"rs765874",NA,"rs62037365","rs2616192","rs2234458"
NA,"rs9688977",NA,"rs34966008","rs12681792","rs704061"
NA,"rs6950388",NA,"rs1788808","rs55781253","rs13353100"
NA,"rs4722398",NA,"rs784257","rs13289199","rs7498044"
NA,"rs1470749",NA,"rs11666480","rs2254331","rs2342892"
NA,"rs147678035",NA,NA,"rs1327808","rs55931203"
NA,"rs39330",NA,NA,"rs6597653","rs60764613"
NA,"rs1805123",NA,NA,"rs2439823","rs2155869"
NA,"rs6601527",NA,NA,"rs6591","rs1389067"
NA,"rs791405",NA,NA,"rs75936055","rs2247593"
NA,"rs12679106",NA,NA,"rs34292685","rs273505"
NA,"rs201519328",NA,NA,"rs7940866","rs10404726"
NA,"rs9297524",NA,NA,"rs329651","rs112693590"
NA,"rs17770336",NA,NA,"rs12422552",NA
NA,"rs2440589",NA,NA,"rs4761401",NA
NA,"rs3931548",NA,NA,"rs1901241",NA
NA,"rs3861879",NA,NA,"rs11613680",NA
NA,"rs2356376",NA,NA,"rs9579775",NA
NA,"rs17399739",NA,NA,"rs7995015",NA
NA,"rs6265",NA,NA,"rs9527895",NA
NA,"rs491711",NA,NA,"rs9522183",NA
NA,"rs7942037",NA,NA,"rs145946602",NA
NA,"rs10898330",NA,NA,"rs8027969",NA
NA,"rs12364470",NA,NA,"rs117632017",NA
NA,"rs55726687",NA,NA,"rs113182412",NA
NA,"rs1458156",NA,NA,"rs756717",NA
NA,"rs7138383",NA,NA,"rs11656076",NA
NA,"rs147730268",NA,NA,"rs2332306",NA
NA,"rs9507895",NA,NA,"rs7237783",NA
NA,"rs10507483",NA,NA,"rs1942826",NA
NA,"rs11148421",NA,NA,"rs45486197",NA
NA,"rs1949204",NA,NA,"rs76040172",NA
NA,"rs1441264",NA,NA,"rs28489620",NA
NA,"rs7990098",NA,NA,NA,NA
NA,"rs8015400",NA,NA,NA,NA
NA,"rs7141420",NA,NA,NA,NA
NA,"rs1286138",NA,NA,NA,NA
NA,"rs6575340",NA,NA,NA,NA
NA,"rs12881629",NA,NA,NA,NA
NA,"rs3803286",NA,NA,NA,NA
NA,"rs7183417",NA,NA,NA,NA
NA,"rs4776970",NA,NA,NA,NA
NA,"rs2870111",NA,NA,NA,NA
NA,"rs2046002",NA,NA,NA,NA
NA,"rs56803094",NA,NA,NA,NA
NA,"rs12926311",NA,NA,NA,NA
NA,"rs879620",NA,NA,NA,NA
NA,"rs7193783",NA,NA,NA,NA
NA,"rs4402589",NA,NA,NA,NA
NA,"rs11642015",NA,NA,NA,NA
NA,"rs117342986",NA,NA,NA,NA
NA,"rs11150461",NA,NA,NA,NA
NA,"rs4790841",NA,NA,NA,NA
NA,"rs56161855",NA,NA,NA,NA
NA,"rs11150745",NA,NA,NA,NA
NA,"rs9319615",NA,NA,NA,NA
NA,"rs57636386",NA,NA,NA,NA
NA,"rs111640872",NA,NA,NA,NA
NA,"rs3810291",NA,NA,NA,NA
NA,"rs6050446",NA,NA,NA,NA
NA,"rs67844506",NA,NA,NA,NA
NA,"rs6001870",NA,NA,NA,NA
