"","Trait1","Trait2","Trait3","Trait4","Trait5","Trait6","Trait7","Trait8","Trait9","Trait10","Trait11","Trait12","Trait13","Trait14","Trait15","Trait16","Trait17","Trait18","Trait19","Trait20","Trait21","Trait22","Trait23","Trait24","Trait25","Trait26","Trait27","Trait28","Trait29","Trait30","Trait31","Trait32","Trait33","Trait34","Trait35","Trait36","Trait37","Trait38","Trait39","Trait40","Trait41","Trait42","Trait43","Trait44","Trait45","Trait46","Trait47","Trait48","Trait49","Trait50"
"1",1,42.4860013797879,51.2705191140994,43.1527419956401,50.2269146367908,55.7944289324805,47.6355718411505,56.959709353745,41.8440785128623,42.0633549205959,42.947452432476,47.4166459040716,40.3279689801857,55.8736462527886,42.1738361204043,41.7808075211942,57.0696837324649,41.8924181964248,43.6360296709463,40.8140690447763,49.3196312626824,42.4902203129604,40.4435968501493,56.1222347626463,49.3923331387341,51.2624151408672,52.7993315560743,56.5424082390964,41.1313900360838,46.1807690802962,41.3704654490575,51.4385249009356,42.7014512810856,45.4903733087704,44.2851351071149,45.2479852419347,39.1518200291321,53.4776636455208,42.599223443307,49.2036263654009,52.3907133946195,58.9173577409238,42.9196033915505,50.7400983348489,56.3897206131369,56.5244987383485,47.9465933805332,45.4424137910828,50.5888769505545,50.6387013858184
"2",2,50.1067056031898,42.8172995047644,44.668405842036,54.8417905243114,48.9930213233456,41.5153967021033,44.0444201966748,42.6278887074441,57.4750070357695,60.9673880171031,53.9383569536731,43.8742507565767,46.484487270005,41.3911914629862,60.4553214823827,45.827728131786,52.8443243624642,43.2779351938516,44.8592950673774,54.9952614996582,43.9729460459203,43.0761701092124,41.3309124708176,45.5785573683679,43.4265785189345,56.6985716894269,44.8192298915237,60.9765079235658,45.6071376372129,53.3749498231336,45.5173075748608,41.1719430740923,53.9853797378018,42.6644442500547,46.7593612093478,47.2154002534226,55.1904054628685,50.6556496899575,47.9004499912262,59.8317346060649,43.1477493271232,43.4175739986822,52.1485444614664,59.7432713946328,50.6644314238802,52.294429176487,43.406652723439,41.2600795635954,48.5915161147714
"3",3,54.5900287497789,47.9056809209287,58.6909164553508,51.8931073760614,53.7589289033785,44.4915808849037,46.3057214086875,44.4424863876775,51.3449224894866,61.1027943780646,53.463867681101,56.2829566346481,45.7412753459066,60.1086120838299,55.4591485783458,47.4349078088999,44.1646503722295,62.2124127782881,54.088136639446,48.7280129846185,44.055053123273,62.4834462599829,48.8131205011159,43.214253757149,45.8521823277697,48.4041164275259,50.5257661612704,62.5607841946185,59.7027727235109,48.3430761257187,43.9234630456194,58.7075618207455,46.5499826353043,58.8170849271119,49.0956411575899,58.4803516808897,46.1478001317009,47.498997759074,52.5525904092938,53.3108189254999,49.9571730447933,62.6144431084394,44.6072319820523,49.6334035573527,56.5892754234374,56.3986292779446,43.690181828104,50.151897912845,51.595565315336
"4",4,63.0961201153696,47.785050496459,46.009079227224,58.2616912294179,51.079706531018,59.6273933118209,58.6641753697768,56.3787428895012,56.2915064347908,46.1805836251006,51.0863946983591,63.3150258986279,63.4560997365043,56.8951601348817,56.5019356412813,51.7221433669329,48.3612125040963,52.1880305139348,50.2059652190655,56.0579813411459,49.6588924294338,62.7959026582539,62.4744557123631,56.6272339224815,62.9415784636512,46.6110130352899,59.33682911098,55.0008484348655,58.0415305495262,45.0406351033598,63.5934204421937,45.9640037827194,59.2583558754995,52.7302730130032,59.4098166376352,53.4401437500492,62.9973823903129,55.9211292397231,56.3574041891843,61.715883994475,46.2463321676478,55.2904346445575,57.6994794048369,58.0869948677719,49.1129721188918,51.9698202982545,57.731024925597,46.1981029016897,48.5399064887315
"5",5,62.7554851612076,50.7793093034998,55.5051459912211,54.386062676087,65.0396846449003,54.7266630670056,66.5681807491928,54.4859254807234,48.4550485648215,53.534792566672,66.702103859745,59.7360204746947,57.0484922993928,59.6890898495913,65.328473852016,61.3848849460483,60.6640873458236,63.9399300310761,62.7357849366963,60.9635423477739,53.1700409231707,53.0066810576245,65.359896922484,65.2859231019393,47.3898183675483,61.4408970419317,54.3024320509285,58.7060810420662,51.7050800314173,59.1864929609001,47.8258518949151,48.6334501141682,51.7487535187975,53.9980565970764,64.4618301866576,55.1150431698188,48.7214959906414,63.7914743255824,58.6885762894526,55.6894147144631,47.3055840777233,52.8239794988185,66.5071993628517,62.296556930989,65.7239645794034,51.7717772936448,47.9879486635327,58.495172441937,56.4797600572929
"6",6,59.6233888678253,54.0361944362521,54.9120035497472,52.6087083909661,56.2796581406146,55.6543788928539,53.436002029106,60.0355548933148,52.7399869598448,59.3872991167009,51.140757041052,53.8914126772434,61.5730835227296,66.5600268691778,62.3107232814655,52.2532771257684,54.4957569390535,68.9942638119683,67.1334799854085,49.7337086740881,49.1652413560078,67.4636061219499,51.1898301457986,67.0194433173165,61.0199602516368,58.7944900905713,53.3852920783684,62.6531953560188,52.8980278000236,51.165875271894,59.6807922199368,52.8526028348133,54.4690024163574,63.8831160506234,51.8521664161235,52.6505842627957,51.8454774618149,60.0610858444124,57.6715982062742,50.081595113501,58.6481568552554,64.1864809030667,63.8077773302794,51.6955709466711,64.809356267564,67.3882427727804,67.5588949359953,66.3406181950122,58.1004958515987
"7",7,55.7863447479904,67.4305195119232,62.2662803241983,58.4034627340734,68.9037900920957,52.4204444363713,53.3052176227793,52.1053625401109,70.6022711321712,54.2110853306949,54.6764878872782,69.3919442584738,58.9543085722253,56.8767900848761,66.0971804652363,51.7118878746405,63.6367175439373,68.1786289848387,68.1434160368517,69.0751876486465,68.4667817400768,65.1868969798088,66.9473835397512,57.0396992880851,51.9679746208712,69.5262219095603,54.6927086627111,52.3397684553638,59.5819938126951,61.7129735173658,65.7344250045717,61.7483578147367,66.3074240963906,67.8161578895524,59.5433912137523,61.0583880022168,60.1666601132601,68.6879125926644,63.7419261587784,68.720392155461,64.2280045188963,69.2590415421873,57.19238269981,62.9822640996426,68.1852794568986,67.4985847240314,66.0705498177558,55.4372883811593,60.9053279636428
"8",8,65.0134446723387,58.1078863907605,65.3310527158901,71.0389903998002,62.5401503145695,63.8878761529922,54.0519184824079,69.2817292334512,67.9750786740333,72.3822740670294,66.9522829372436,71.1034839898348,66.0799339897931,65.443578010425,59.2802175851539,71.3051575580612,66.9551151543856,56.8922345405445,59.6539283189923,56.4111650893465,57.7089089127257,61.5059785889462,61.6795336939394,63.4656330822036,67.1017564898357,60.7267983369529,63.7710965862498,54.8169566709548,70.179414560087,69.5512303868309,71.972197715193,56.7517556734383,55.8189752111211,53.6156258564442,65.4449224350974,54.7582711717114,66.0851768003777,54.9525162735954,68.3203269839287,55.0632938202471,63.2380956243724,55.9517568321899,71.5253448598087,72.1468551568687,57.2843756917864,72.624781566672,70.841353751719,58.2982151741162,63.3951816493645
"9",9,72.2499930439517,60.155373243615,66.437759315595,68.343416354619,72.8162957029417,73.6465518642217,63.4735039994121,74.2545829061419,56.1642319196835,74.3069996638224,69.3091543996707,69.4630212243646,73.8614771468565,69.4364614132792,56.3992819050327,63.852425548248,67.190096671693,61.4539282722399,71.2299003731459,57.04310788773,60.2214824501425,73.3897693129256,73.8474765513092,59.4394921930507,56.5493996208534,65.1313126226887,66.7954502580687,63.7126771407202,60.4535014601424,63.6777620902285,71.1475778836757,69.7938172286376,66.7657796060666,68.2098712585866,63.05354825221,63.9756639907137,66.5730749769136,61.84887456242,55.7673181034625,74.1309072962031,58.7481904728338,72.2554053831846,59.4883214076981,55.5279540456831,69.4997247960418,64.5183889567852,63.8308203732595,61.4155640266836,70.6026753969491
"10",10,69.5074723735452,63.3305306993425,71.288979517296,68.990391346626,73.4606104046106,63.383370202966,63.4952967036515,67.5448107142001,73.1141881486401,72.3555411566049,73.4327448653057,62.1794032286853,68.8334666686133,71.1215505125001,62.0307244388387,75.0666355974972,74.6720616873354,64.5456793699414,72.3644066816196,61.2715323809534,62.3510276600718,66.2576001537964,68.1625871947035,59.8770719422027,72.3735491679981,65.107824716717,72.9901154413819,64.3211467498913,71.2234546504915,75.6757848085836,68.9365633651614,74.8820374794304,62.0577936833724,59.3225545976311,76.1375124827027,63.989453099668,59.7457281621173,76.9753289530054,64.5106621906161,76.4749042019248,62.5121837044135,67.2215134305879,76.5272974669933,64.6373390294611,73.7315537249669,63.0722149955109,69.9413713561371,73.2778902053833,74.6150082424283
"11",11,69.3028380684555,63.7483109729365,71.6593442168087,74.5888802232221,59.3522329078987,78.2515522520989,78.6123292436823,77.8078594999388,62.9509087055922,76.4176520388573,64.8030207175761,69.6829347787425,60.8295156350359,62.8064179988578,61.7908400818706,68.5548846246675,69.5537109309807,61.9885755106807,78.8516820324585,60.1931544169784,73.7229065652937,61.4402000335976,59.2696531964466,69.434362734668,61.5977905094624,68.4728579232469,78.3814061628655,61.9881686903536,64.5627492954955,68.9943717196584,76.8882430121303,63.6866592857987,71.0282751787454,74.9404695918784,77.8953405432403,68.8311742767692,66.3272408684716,76.6203772984445,63.9997291201726,73.4552242895588,61.9851697105914,64.1859768806025,68.6195013122633,73.1272223740816,78.3602373730391,61.0106942299753,75.2654729187489,64.6969019724056,60.8674607994035
"12",12,79.3959560608491,70.24393563997,72.3398889219388,61.7883170573041,61.6648605596274,70.4434057082981,74.453289908357,76.5127279786393,71.1654776092619,68.0130137633532,76.5923630110919,63.706008576788,67.2787967221811,75.2736396798864,68.8024863963947,61.8860671659932,71.3788933809847,78.749789673835,63.7679051272571,66.1757138036191,64.4847502037883,61.9857219271362,78.2640134766698,73.6210949895903,64.5376835754141,79.8654092885554,61.7232643617317,66.7987005449831,67.5461660176516,77.2380404863507,74.3160242345184,62.4050164818764,64.9205753849819,74.1618746137246,64.1421014945954,74.0806542281061,72.1228674510494,72.4028740860522,77.7483023554087,63.102245958522,80.1303477063775,71.8234563050792,76.0154552981257,73.0517196226865,77.6746603231877,78.9671787237749,67.6295105451718,78.0018260879442,74.3558615576476
"13",13,82.4646339351311,65.8449252527207,64.6087223449722,82.1425422532484,63.0216506933793,81.8619301235303,76.4668737044558,65.1429515676573,67.6282361447811,71.4094284102321,73.2812888566405,67.7607474727556,63.9648608090356,64.9230432016775,79.5770449489355,68.2550272550434,76.7998910993338,78.034402878955,82.9571777135134,67.9884706782177,68.9007277013734,74.9242956116796,74.8250932684168,67.2283561546355,78.672872653231,70.6104213809595,65.1799502708018,65.8292808588594,76.1138386949897,78.4914164915681,72.8611792409793,67.4440301600844,72.9248379934579,67.6462337486446,67.0008928487077,77.9950903747231,75.1833158005029,72.5185158587992,73.8028822112828,73.4398406064138,81.1055067759007,71.8513122312725,66.0122988158837,73.0789009872824,71.0539511190727,75.0429947646335,63.141331916675,65.3371749790385,81.5492199612781
"14",14,69.3369561294094,66.1948397662491,76.6117586102337,77.8083938313648,71.0597225883976,68.9455333398655,78.1198945036158,79.2738227033988,70.6636864040047,69.3142144242302,82.9369438067079,73.5660228645429,69.1232312237844,66.1707759974524,84.4574395753443,68.2072551874444,78.4486666228622,73.2094754232094,75.1241966709495,82.4043894419447,70.2871551830322,81.8462849594653,84.845621031709,72.8796559246257,77.8051675343886,66.8712669843808,78.3477725135162,78.0251625273377,72.8600939176977,70.0412277923897,77.8155721770599,82.0377914234996,84.2743008071557,84.4704890949652,70.2055047778413,65.7117436733097,65.5519399093464,76.8805403122678,78.8335943641141,80.8857854735106,77.3514712741598,73.7464568531141,80.0193475233391,81.8585579097271,68.6028854409233,84.6936487732455,72.5721256947145,76.5012574568391,76.6706521855667
"15",15,67.5495946807787,71.8533112695441,78.868919939734,68.6857774322852,80.5200336482376,68.7913534771651,85.2250036904588,85.6432647146285,77.3577375179157,84.2671379800886,70.0103240534663,75.4726674528793,78.3680754369125,80.7795421620831,81.8588945530355,76.8157918732613,72.9720764541999,68.1717698071152,75.4366122959182,86.7112679854035,75.6086152680218,79.8367792489007,82.2893878426403,70.5886294441298,85.7927214382216,71.6750006685033,79.432416328229,77.7389524905011,74.8103520860896,77.9897062648088,80.7193449307233,69.4540866864845,82.5238123843446,84.967061586678,77.2322320314124,80.0139182182029,70.8553107343614,68.3619088521227,80.7139426451176,82.9264604002237,76.479418839328,69.834539343603,78.2755604367703,70.0975665478036,80.9116468746215,82.4853891814128,69.2688515204936,76.7705660294741,81.2340165842324
"16",16,78.7322503942996,86.1000803075731,69.9959903359413,82.5187815269455,72.9014316955581,77.8130794884637,78.9856292549521,73.9918675050139,85.5804421901703,71.4242621194571,85.8200866179541,71.3336952412501,70.2657303083688,83.9061335297301,79.7852431945503,87.3355156565085,71.4152502976358,88.8865283792838,74.8421229990199,69.7890323968604,76.0618666987866,87.4275080310181,77.7517729168758,78.9935974227265,79.9164392063394,73.9596558930352,75.6371561633423,79.3198101604357,87.3711946429685,77.4883240703493,78.9226135341451,78.1783023765311,73.1766866063699,84.89726108592,78.1225018771365,75.0018578497693,73.7039489354938,73.359768233262,81.552904128097,83.7453221539035,82.1895154062659,82.6285094311461,75.9664588198066,87.7261456577107,88.1367528680712,82.6394259566441,73.0871093655005,75.6222219541669,83.191732914187
"17",17,73.765739527531,81.6874699238688,83.9466927377507,82.8427928816527,85.6902243047953,89.1144883111119,71.1414995500818,84.9630058174953,74.6148960469291,73.7475462807342,76.6181891774759,79.4644760144874,71.1142416335642,73.6773532480001,73.0293994061649,76.0481281336397,80.3201225670055,72.353805558756,84.3144997712225,84.7201918801293,90.2881427006796,86.0701347924769,73.72695267573,89.3180918591097,72.896765800193,74.443846302107,76.4671716038138,77.9408583501354,83.8712683776394,76.0010131113231,71.597192295827,88.7861782955006,73.6120880246162,82.2294202065095,75.6211142931134,89.0711787939072,80.4675806770101,76.9134563896805,84.2292709080502,78.406089711003,82.78761087358,85.3213385110721,77.7338250996545,87.9847632199526,73.475442038849,78.6834394829348,86.314442650415,73.2293921513483,79.1703995587304
"18",18,75.358262850903,77.5158609095961,91.5563297150657,81.1946294242516,86.0273158429191,91.9031915413216,81.5054748319089,84.9381209369749,90.360184583813,90.2634929744527,76.5121456813067,91.4881079895422,89.0731319477782,89.6261425381526,77.9281845521182,83.6773360027,91.6819800827652,92.9881391879171,80.6789191132411,88.2450275560841,90.3235705541447,76.7720375321805,76.7937274575233,76.9379588188604,89.4003604091704,81.7031925097108,74.1189264710993,82.9720542831346,80.412963877432,81.4708508569747,86.5603333357722,89.6268911026418,74.999858119525,80.0458358619362,78.061754565686,75.8869297029451,86.8384141633287,83.4907760117203,78.5162604618818,82.0779034886509,92.2449504416436,88.0438782898709,84.4047331456095,89.2618829775602,79.095526246354,90.3259790008888,90.4767387006432,75.6316283736378,86.2299787132069
"19",19,77.5647967355326,83.9349483232945,91.7947866814211,91.6678498778492,83.3780265646055,86.6934161400422,86.8747929576784,84.5723810885102,89.8717029206455,81.7247825674713,82.6774606388062,75.3691913653165,84.9602284375578,75.3670714283362,79.1127379098907,91.1173324100673,90.1871785940602,76.4735413249582,79.1881548659876,84.8614780884236,77.2978072520345,94.2856190027669,80.8831410994753,81.5188394347206,92.125409739092,84.1404715459794,88.3847878221422,86.7953449813649,87.830251948908,80.9599999105558,84.7680442221463,93.4290965786204,90.0924981757998,94.6912040933967,85.5656506493688,81.9289379287511,81.3699532020837,78.8027737243101,87.6114082196727,84.4116474082693,86.1197246238589,85.1301521016285,93.26191640459,89.6615064423531,89.5437456388026,89.9340134067461,83.5427117487416,89.8863508971408,80.2122426591814
"20",20,89.6821759110317,82.8826231956482,80.2013997714967,89.2439869632944,86.8502493044361,85.9739284152165,79.9873004741967,81.0110259968787,84.6100117480382,81.2242773249745,80.9160781726241,84.0020333491266,83.9493577210233,92.6292816251516,92.079149780795,86.987045545131,84.3009852040559,86.4467550655827,94.3797043692321,80.8649514457211,89.096380055882,84.2658261936158,77.2780581591651,96.0086768893525,78.0785447340459,77.9843406872824,77.6962320767343,89.7006951766089,77.4410388413817,91.7292796336114,91.6105007780716,84.8146691806614,86.2121390812099,77.0416079210117,87.2806975739077,85.3217299217358,88.8842212436721,84.2215547226369,93.8847389845178,84.6281684683636,78.0035703424364,86.2427977267653,88.2891689408571,87.3351744636893,87.276619810611,90.3107114583254,93.5886505320668,93.1672014091164,86.4630673574284
"21",21,79.9675287595019,86.4927913723513,79.1639182399958,91.2516715247184,92.9551857765764,82.2492251740769,87.6212584050372,92.2441948726773,86.0069404505193,92.2943664584309,93.8739812104031,84.1942755933851,81.600264325738,86.2451463062316,97.4790926100686,87.9577771257609,94.3442061925307,83.4631015602499,89.7116107176989,89.1380104571581,88.7319954028353,96.1764785097912,79.4520250763744,80.9615553831682,90.1590874521062,95.595365498215,82.2113250903785,84.7428202871233,79.0908748200163,95.6911352286115,84.0722633162513,94.1149216899648,83.0074674598873,94.8095215074718,92.7541477335617,88.3952488200739,79.7589481398463,88.6572434250265,86.9667580127716,87.0886075552553,92.2472329726443,79.1630818052217,86.0175475161523,87.9051951793954,83.3247814802453,85.9638642948121,85.4594420557842,91.5021681003273,79.324899321422
"22",22,81.8697293093428,88.3479671031237,93.1526230033487,96.0839266786352,89.6642008693889,93.1849994501099,98.0835571503267,85.6831263275817,84.3242881298065,99.9057865040377,100.424642552622,90.0798529610038,93.6201167562976,98.9379044054076,84.4663225756958,83.8639567038044,89.0945661850274,93.8352888906375,92.8539152899757,94.8466592459008,98.4917457578704,97.2523790169507,95.090299163945,96.1479196967557,90.3293361691758,95.9508470715955,84.8414725381881,98.903730426915,96.733288791962,98.9906780738384,89.7611373746768,93.6258528418839,91.6764995725825,92.325071901083,95.9886102229357,81.5182943725958,84.0512657901272,93.6865256670862,86.5847699521109,84.5076616611332,81.4454873548821,93.6943701971322,98.7032920252532,92.309181433171,81.7287342008203,98.8952720668167,86.5917308619246,100.694075230509,94.4865779615939
"23",23,85.6164760813117,95.1884832950309,87.8112072097138,84.0031334729865,96.2163125835359,90.5656395265833,88.9269946953282,96.9984973333776,87.1004205495119,101.446264839731,87.327173307538,84.9379303511232,96.5666177375242,101.302067131735,98.6087431358173,91.087667603977,91.1674372730777,98.6861134106293,85.2094089910388,94.6072597401217,99.8367525516078,99.206003469415,89.9773448025808,96.2901127403602,91.341824663803,99.2286324799061,102.589023063891,92.0199964819476,84.4080580184236,83.9042680077255,84.9926178874448,89.7417897609994,93.9847725462168,98.769457500428,95.8334532212466,87.3678789306432,94.7919615609571,92.483402883634,95.3054238548502,85.7348273107782,97.0689463121817,88.5668601160869,90.7681140834466,83.2359789144248,93.655261031352,98.4534188052639,86.0754883494228,88.9181839646772,95.4108589207754
"24",24,87.5591904018074,101.791661623865,97.2514596721157,91.3942640507594,95.2450957521796,103.865033225156,86.6742476308718,104.263937189244,96.7890418926254,99.6029193094,101.552264126949,93.1458248430863,90.0956630706787,99.0219951653853,97.8418887592852,88.4561803704128,98.7627201620489,90.454329540953,86.9893513200805,101.516605806537,98.3627428812906,89.0614317730069,101.247774749063,99.2373785702512,85.0698989164084,94.3167350580916,97.6173237338662,96.7712512100115,92.592080803588,98.0422744480893,87.1613268274814,102.694961419329,96.1285408167168,96.8187917023897,90.451821135357,95.8289913041517,96.3700598897412,88.9581438340247,89.7417662572116,87.4683776916936,103.223435562104,90.8279366837814,100.939591806382,96.8085135379806,85.9594718273729,103.828191310167,99.0664208494127,103.905686838552,97.294368352741
"25",25,102.797957456671,100.092555208132,87.1922703674063,102.363945337012,88.5530370548368,99.140496680513,90.7549126008525,89.2239960450679,105.201933549717,97.2529879892245,102.277458834462,97.2638271311298,87.5302923498675,106.803997678682,87.8985281269997,98.0985903535038,106.951435988769,93.619123686105,103.884931055829,95.4068374987692,99.1804547123611,94.0867661712691,102.71708121337,95.3407165948302,103.560898679309,94.1316140610725,104.043106118217,99.2399004176259,97.7262790482491,104.565196645446,98.5149765182287,96.5105057768524,95.4941950486973,90.2252115570009,103.144283171743,88.7913857987151,97.6334615685046,90.0702920723706,99.4752577766776,89.1781028434634,103.694605890661,102.489942249842,87.144503172487,104.973360321485,101.257061467506,91.8282977985218,92.9960520593449,93.8829694390297,101.412071104161
"26",26,103.861098891124,99.8040138380602,94.9866585629061,103.669757313095,105.299964305945,105.368160811253,107.011315092444,107.798878872767,103.067151374184,97.6945630982518,89.9792089834809,92.5011001629755,101.952377307229,105.22066247277,108.907060051337,94.057703028433,108.386793449521,99.7212087139487,90.3599941227585,107.772630305029,94.0565421301872,103.018831718713,98.2560522630811,94.2243737503886,107.774442952126,98.7323209000751,101.914984570816,100.279672416858,103.871385893784,100.885896446183,94.5847234558314,99.4612831491977,97.8257537642494,103.687068806961,94.5944570247084,100.139319897629,94.8448369801044,99.672724833712,92.1540681375191,108.084694208577,89.0606735795736,105.307332417928,98.6091145509854,101.235767375678,89.5115274572745,95.9717777706683,97.3854709705338,101.592002721503,106.30440818239
"27",27,98.0965502969921,110.57597234752,101.573560153134,98.2197469882667,99.6287034815177,91.6303113419563,109.313302891329,105.924268154427,106.321670924313,95.2550209304318,102.701063117944,100.808743447065,97.8181545799598,98.4911033641547,110.421404236928,103.379124350846,91.3120267949998,99.3778160717338,110.6364647476,109.056504307315,98.1046975813806,109.853146368638,93.8464368823916,102.900121499784,105.840489486232,108.720120232552,109.716022130102,109.847320280038,91.2914406685159,99.2964983442798,94.7498747417703,107.309470026754,96.509196287021,94.8999896030873,98.9537128051743,92.7912769317627,109.40107282158,100.581545260735,103.707571834326,92.8461939366534,96.1051121018827,110.579509012401,94.9200949156657,91.2886968944222,93.5969789735973,91.1039625471458,102.662730067037,102.548677315004,106.547256418504
"28",28,93.4798137908801,96.086233981885,93.4252465628088,112.760145833716,101.177614817396,100.317523001693,111.771747751161,95.0112821506336,106.676546295173,108.105533362366,102.282154436223,111.130945377052,109.907939384691,97.268260486424,101.145656529814,112.353558341973,100.476132879965,107.345924262889,111.175009544939,94.4585427939892,93.4365123203024,106.350124354474,112.859674773179,109.561213810928,93.8487792406231,103.827555884607,102.971709409729,96.7976858159527,106.037272910587,112.975188928656,109.202981551178,110.661810973659,96.6374042136595,96.2677979255095,102.0087552974,104.447856216691,110.440853151493,94.7323495959863,95.4050267925486,101.898037527688,95.2602700907737,112.079616772942,108.337873292156,110.481223428622,108.350819244049,107.234957671724,99.1241937894374,100.145973392762,96.9252261165529
"29",29,108.21850170847,105.558836646378,114.243055321276,99.3596257595345,113.321583536454,102.282914882526,102.414703895338,106.768595813774,103.900753180496,97.5331866880879,112.413359740749,99.2957604303956,95.8061250345781,99.1804892942309,109.60592337884,105.28368930798,97.0424284273759,114.273512265645,96.8017679639161,111.522749452852,108.483477435075,107.173866801895,109.811668493785,112.051081229001,103.190670302138,105.028275260702,102.415068210103,97.9034760920331,97.3314412171021,112.550729326904,113.473916775547,95.5741226859391,105.101880962029,100.44894610066,109.345126971602,112.314464668743,96.6438680933788,111.631327145733,103.585759727284,106.632185699418,97.4165157740936,113.008020310663,104.96620693244,103.393044993281,103.203371427953,100.726967938244,100.713192359544,105.497355298139,101.831571273506
"30",30,116.25875114277,102.693216156214,99.7943401969969,111.456478459761,103.950704348274,111.928497052751,110.911243532784,104.879870962352,98.9801442557946,116.59976637736,113.566894375719,98.5454937983304,111.096024534665,103.262780586258,98.0768557526171,111.827587436885,103.10845963005,104.981763039716,99.0640164427459,109.003066404723,113.361058442853,109.15342882555,115.389254426584,115.592338901944,97.1326493592933,115.062796890736,100.305168100633,105.121227952652,108.017521703616,97.3740657493472,111.534261948429,103.119118430652,115.441333174706,97.2462588204071,116.628212377429,110.722674357705,106.031514278613,97.4537754366174,101.295157757588,115.376545677893,102.168638601899,108.969637069851,110.145456267521,110.802700610831,100.693223088048,109.877137036994,102.112356301397,109.18062503729,106.588660518639
"31",31,104.445099589415,108.416491743177,109.026018125936,110.362258335575,115.269825748168,106.726125386544,118.707808829844,109.107957231812,103.950067466125,99.4577030101791,100.335800951347,110.285974550992,103.704442541115,109.463902433403,118.681578921154,108.552689404227,100.12162782345,105.299337591045,102.748544971459,107.94986812491,116.885927357711,103.789997525513,99.9866605699062,109.912019219249,111.481897715479,110.184973241761,102.51983926259,101.856350950897,118.479162041098,110.139182643965,113.848868441768,100.300370031968,106.599898790941,106.686988259666,107.922759699635,104.458438447677,111.819849490188,112.027325090952,104.828097765334,112.269773107022,116.949039540254,115.354984408244,104.069602336735,108.643728844821,115.153378612362,99.6834470899776,108.966259379871,108.698542566039,103.725562017411
"32",32,116.327808479778,106.055816974491,119.190855444409,103.149387919344,116.236982735805,113.441390906461,115.361696229316,107.586878378876,112.990322414786,107.063497141004,116.544737912714,106.680146161467,112.089106858708,116.771563900635,119.854061323218,112.426170053892,110.399849441834,110.648723616265,110.492524978705,104.541139527224,105.511639173143,115.933255971409,101.406978153624,115.75257277023,102.045592254959,118.440048642457,113.548257810995,113.707648570649,118.134864502586,114.021104377694,108.816020911559,106.509555432945,102.424037590623,115.918626686558,110.695784919895,114.92171303276,102.871636044234,107.428680792451,115.33569682762,111.938602928072,108.932818369009,106.281541123986,104.613165090792,109.946638144553,118.546612182632,106.315153626725,108.718517323956,112.221493356861,118.146829287522
"33",33,113.548561774194,119.70496226754,122.6975059947,114.493991268799,111.258500802331,119.16530213505,108.07851395756,116.617105549201,115.414801148698,110.462670477107,108.206729387864,112.715773477219,106.008434195071,113.332037275657,103.496975574642,112.231129819527,118.484452759847,110.585223866627,113.829125102609,107.957410879433,122.065122175962,112.69431579113,109.570439655334,114.041590371169,119.965180593543,122.311829740182,121.746776957996,104.296050231904,110.049134522676,109.747214235365,113.351300430484,118.477739586495,112.657878335565,119.526332758367,107.589343215339,104.248681396246,110.581438743509,119.910910331644,109.298182364553,116.421988678165,117.313121251762,115.688758559525,114.63869780954,105.852586652152,110.547381361946,110.071190187708,109.002796874382,111.141985363327,118.575884049758
"34",34,115.872939866967,123.538171127439,113.800773709081,124.39521680586,109.751524170861,117.458981014788,107.980445418507,122.499218555167,122.662168126553,106.483484716155,113.59462922439,119.20440106187,116.217740532011,121.66150287725,112.508120015264,112.285751872696,114.967679525726,113.676196481101,112.558151157573,109.936338393018,113.853095378727,112.994921822101,114.571572607383,106.972130886279,124.652785444632,112.936667776667,111.134005305357,116.372559485026,111.786904041655,117.20475520473,114.373572473414,124.652873291634,121.651221048087,109.652124447748,116.944063319825,114.485249673016,109.921479760669,121.926892632619,105.375418826006,122.060152427293,112.19909613952,108.038727990352,122.695396556519,118.064435063861,120.842406004667,116.134571684524,110.349419531412,123.103803321719,124.001616379246
"35",35,123.889911293983,121.105487335473,109.400008006953,120.779069874436,108.163371731527,126.918405581266,123.269482304342,109.379412599839,123.191496495157,117.768427541479,115.736440548673,109.211809614673,123.548026492819,122.623969440348,122.659265867434,125.928489149548,125.776103593409,124.252194364555,123.639384613372,124.73056727834,115.76618609298,111.527884013951,126.948935261928,117.62221723143,108.931786038913,126.496484859847,124.255930476822,121.197705010884,120.314776071347,124.757420660928,124.160264584236,124.306609423831,117.918104713783,120.115214072168,110.225760585628,120.855335712433,114.244100598618,108.2535289675,115.054086184129,117.25784784928,124.650541053154,121.386370484717,108.587969376706,122.465803141706,116.048179853708,110.194313389249,111.427576498128,118.182069876231,118.44940789789
"36",36,119.482090255246,118.188054236583,128.681352586485,124.565443662927,112.906782800332,127.207523138262,109.810710727237,125.667976635508,111.361390399747,114.602702661417,126.188517428003,120.525174761191,115.233211238869,125.055700969882,109.312466751784,118.800462261774,109.586681407876,119.344132445753,121.113209031522,118.221365391277,109.888971067034,124.415189582855,120.361633427441,119.126755014062,128.7765993746,125.098418338224,126.411652090959,122.534655626863,125.308356244117,110.483576018363,114.535842445679,109.0579248555,121.500721546821,110.640118067153,126.050618282519,120.164125404321,112.120867596008,127.44574614428,117.158976314589,109.244220476598,121.201603702269,120.202103020623,112.675967114978,110.949759395793,117.497031535953,124.993449948728,127.93380206544,120.841436456889,116.429606523365
"37",37,127.660223049112,115.689409187995,112.068977257237,120.729107087478,125.408573876135,119.334260764532,129.201685301028,124.434053137898,122.834048670717,115.938477789983,113.9092614213,112.472602677532,127.224295487627,115.570902581327,115.044980066828,121.463004070334,122.022365894169,128.305116397329,120.897137992084,117.502910288982,124.595704454929,126.529853054322,119.106375741772,125.688759935088,111.926406588405,117.028168043122,117.619201963767,112.548984218389,128.238004212268,124.376986114308,113.886483301409,127.739465175197,115.279002053663,119.658290207386,128.409497285262,112.277902144939,129.579056789167,120.994822046719,119.228628798388,127.539913672023,115.973949040286,124.589322059415,130.8431059625,111.306796976365,114.627745551057,128.764776805416,127.678802282549,118.889871438965,130.263555291109
"38",38,131.372438880615,122.56890495494,130.249041041359,119.378857088275,114.033266242594,126.439597818069,114.008204612881,123.198397920467,113.15825944487,124.929598152637,123.721474359743,125.583759715781,123.591682712547,123.777894873172,121.155372072943,130.942325235344,122.405134688132,128.065104085952,121.339095893316,118.200628265738,120.200746857561,116.455955949612,118.945306280628,121.382154330611,118.858315639198,129.157161290757,121.706414322369,126.600574498996,132.788427380845,121.164751692675,114.428218968213,113.46171950642,123.984397851862,113.866161487065,123.495013939217,128.93349898234,120.932499824092,127.683224819601,125.420177808963,113.44423029758,132.543048134074,129.245131990872,118.90683397837,127.509645765647,126.274561632425,114.554178539664,120.580066523515,120.18962111976,124.652031694539
"39",39,119.860721263103,133.882945636287,129.671042114496,119.995126049034,124.698799392208,131.625670497306,132.33760365285,120.859540710226,120.151816536672,125.811759736389,131.933395648375,120.923249395564,130.327067170292,122.594097820111,125.327742109075,130.07929706946,127.747669913806,123.876146832481,116.001543337479,116.847528810613,125.986374756321,125.889968620613,119.855404822156,127.349383709952,126.355091831647,120.593294389546,126.19096733164,125.80741384998,116.087106466293,132.546339305118,118.920220327564,116.443152627908,124.070675009862,131.428094389848,132.814717581496,122.883436274715,127.974123726599,116.338032064959,130.388480653055,126.470064991154,119.749641944654,134.046642398462,115.134044955485,129.3950208975,116.215823143721,130.234423470683,121.322962800041,119.906767532229,129.771457388997
"40",40,119.654183045961,135.624703139067,119.501760623418,130.390014898032,126.307698388584,133.696384493262,118.068219919689,127.33935370855,127.891293413006,129.476749303751,123.31430526264,136.683749373071,122.513697350398,136.244977817871,124.315174383111,131.092004797421,117.794014763087,121.033580003306,133.02767942939,134.188231367618,121.396798326634,135.120063384995,118.342443404719,126.639858761802,133.918499390595,125.517722301185,118.288165762089,127.183597947471,126.475940307602,135.874145499431,134.217320827767,136.32457621675,132.837236484513,122.005472190678,118.561188711785,133.406504306942,121.993352028541,135.370240763761,117.178961995989,133.763223931193,127.409760577604,128.00752859842,120.830066458322,125.406372782774,121.351709145121,136.14648801554,118.159664420411,123.778740449809,122.964818825014
"41",41,121.145387157798,136.364631858654,127.07735228911,137.179848771542,129.285586002283,131.73426849395,127.681127661839,124.119772301987,128.856029981747,136.879187408835,121.507784948684,130.60841754172,128.449305855669,132.111623851582,120.970950178802,120.82056854479,125.65182820987,134.831418363377,131.154956008308,136.607521391474,121.399840946309,128.127058065496,134.907159815542,119.971884103492,135.516031725332,121.27949288208,133.094184716232,121.471131035127,133.469962883741,138.120716839097,128.283210625872,128.327478227206,123.393388712779,129.694631068036,128.614918078296,120.191118597053,137.452495946549,138.965940434486,134.731961228885,129.249274815433,123.458411275409,126.776848906651,128.426273205318,127.086472223513,124.369249591604,133.004471460357,135.133139622398,130.292505501769,136.477540695108
"42",42,130.668558971025,124.646587883122,140.076395961456,122.256319745444,127.111811925657,123.550208023749,139.59166983515,126.897910976782,140.341615131125,128.383030224591,129.560698777437,129.784918547608,125.916202756576,128.321667643264,134.5619629547,131.071614854969,136.233953753486,124.758263681084,125.209181102924,132.770850108005,127.573186577298,135.132624794729,135.391802581958,131.947377164848,139.208161978982,129.243038235232,132.280710068531,121.014359424822,122.535460595042,132.104351156391,135.932287624106,139.347858004272,125.672472388484,128.50840079505,127.346857934259,121.577396252193,128.76281716302,123.266164915636,135.570925552398,125.04813899193,129.421968943439,135.837624388747,129.922398770228,135.019770468585,135.462881851941,133.114328118041,124.009154945612,125.063280988485,122.551854000427
"43",43,135.250019293278,123.141889979132,141.147338158451,134.365423416719,123.894377236255,124.893856995739,136.000402636826,124.44726889208,135.301540141925,137.451747834682,131.040014510043,135.309102159925,136.653649245389,132.438401670195,125.079211887904,134.814918569289,141.969629104249,129.239213813096,124.504901992157,130.725018067285,128.389918275177,128.00130079221,138.383744286373,124.472442126833,131.693255307153,137.237064421177,127.330771649256,126.872707849368,138.543306716718,128.910724108107,129.691352277994,128.126552698202,131.592993216589,132.801540845074,134.554921329953,127.722871533595,140.438433994539,124.784712355584,132.785311715677,140.346966275945,135.823782553896,124.203213329427,129.832419647835,139.962864133529,137.371658153832,136.662834535353,140.375279073603,125.724857334979,129.521065942943
"44",44,137.762450082228,127.976193227805,125.319973719306,128.326135231182,131.592534235679,125.286314864643,143.769259261899,138.988512111828,130.845235367306,136.648956839927,135.328717506491,138.618256198242,140.086536090821,142.956013260409,135.849926327355,131.86040234752,127.72232952062,134.189479211345,131.140168728307,126.663637710735,141.026466242038,127.183023649268,133.007933171466,125.990661340766,140.319613427855,135.859769200906,142.457294445485,143.339275228791,125.493902787566,143.345501152799,137.682739906013,133.759635086171,139.409977137111,132.581651681103,126.005542371422,127.751730950549,141.437246883288,127.680769967847,136.948505504988,138.275539539754,129.221228365786,127.520425375551,143.278576531447,130.157609190792,142.545484798029,133.2855681004,131.528083537705,127.920300848782,141.051138858311
"45",45,145.317624269985,145.518320173025,137.038841972128,134.792913881131,128.299012205563,131.092620816082,132.351189631037,135.650342724286,131.576992485672,130.119437028654,145.309423699975,135.249065498821,139.950239051133,128.876259110868,129.127386420034,133.837275936268,137.258621047251,146.412694680505,134.419753731228,143.078244731762,130.794613434002,138.828803028911,137.095381001011,144.650213995948,143.295045819134,129.663903683424,133.130113475956,129.313341693953,131.592051384971,129.743323203176,141.248461551033,135.104722294956,132.778341088444,138.497522848658,146.870610809885,138.841855705716,130.673885934986,131.053479540162,136.246950037777,134.513233288191,146.001671499573,138.995766717009,127.953203546815,139.243076795712,141.244898776524,133.712067946792,145.156914766878,135.589037214406,128.809331239201
"46",46,135.660683769733,131.705000434071,140.75795274321,148.373173103668,145.363777834922,138.295483441092,140.328082773834,139.447303913534,146.504051658325,130.809084103443,146.362949191593,143.144400521182,131.467070352286,146.354708411731,142.095104182139,146.874976731837,147.914548791945,132.70095253922,145.325969067402,129.239708386362,134.119604165666,144.856831939891,145.524149863981,147.15662744455,145.506939181127,130.481380295008,141.639511534944,134.405821036547,132.895320268348,135.597249689512,140.321694515646,136.11324416101,144.472499188036,143.861527970061,148.706493047997,142.979480261914,145.99624711182,138.937785975635,129.11332412716,130.197073194198,143.779972415417,140.209906926379,136.47558560688,140.006645183079,141.39638238214,132.570329346694,147.143427199684,139.645418409258,130.160359214991
"47",47,145.327417062595,138.928181276657,135.019273263402,134.769652224146,148.173533020541,135.620262016542,137.697400487028,147.379163861275,150.190804348327,144.340467722155,133.021630657837,137.408634060062,137.62886436563,146.161736784503,149.297699121758,134.801796464249,143.444381229579,134.117784000933,137.31615630351,140.397990819998,147.221289243549,144.297814577818,139.015546184033,141.217298846692,147.759349065833,132.430395469069,148.984003084712,135.043454038911,133.109055621549,150.537056488916,141.820980756544,139.155243191868,143.617744863965,147.111955246888,149.078985335305,138.271068417467,134.934448505752,142.319887423888,140.832160468213,145.738048622385,150.027386507951,133.691525025293,141.66064464394,143.154303733259,134.922440055758,132.634191805497,147.393980281428,149.882930255495,148.005405947566
"48",48,144.082391245291,148.486540305428,146.23887322098,143.701587838121,152.512061337009,150.899579107761,150.77065416798,147.62747303769,151.693482689559,137.089350448921,134.752956123091,150.801330424845,133.662966389209,151.487592749298,148.018578609452,135.816398860887,143.434144032188,151.356884922832,136.724494706839,136.391770892777,148.127922552638,147.948566085659,134.943981582299,142.446593075991,142.4500843063,152.0127681382,143.889300438575,133.474217906594,133.743571748026,148.684428596869,139.51174520608,151.505198662169,146.725217510946,152.975981065072,133.099022961222,135.564059374854,150.118791551329,151.549026907422,140.73093784228,142.39945934806,146.646366242319,137.413727731444,139.220888225362,140.268249574117,143.441690129228,136.581302687526,144.054886728525,152.236928978935,139.105788014829
"49",49,142.909823423252,152.978490586393,135.348194623366,153.78728732001,154.14248848334,139.713081722148,138.265251033008,145.027519599535,140.095133348368,148.903948147781,143.026700210758,141.99082096573,146.173916212283,140.792054641061,152.769126594067,149.185253414325,148.471127282828,139.087118655443,145.109950806946,138.834050861187,137.009335644543,148.126205028966,150.550297112204,139.778645257466,137.905036350712,138.235514988191,149.025549767539,150.475419517606,153.654577434063,137.791082272306,154.623427083716,149.834184106439,141.993627711199,148.668068549596,136.085299542174,140.398197853938,146.337597114034,148.422604845837,154.39603918232,145.025108377449,150.595215228386,145.014959601685,139.751596562564,143.316535218619,140.251477635466,138.988224025816,145.976338293403,142.779293786734,153.370647546835
"50",50,152.443778159097,149.93013561517,146.758888115175,141.295332226902,145.082667673007,143.264574751258,155.612375026569,156.884085622616,139.046635332517,155.14796638675,148.031817174517,140.21428029798,147.052248947322,138.032545580529,155.702978393994,150.063497738913,150.029948314652,149.114798757248,147.620241719298,150.663736479357,146.597407248802,150.375939377584,142.108297448605,149.930822954513,147.723337093368,147.343591924757,137.129894246347,145.299679756165,154.525309785269,153.805279329419,156.582771859132,146.517990229651,137.543324500322,140.426950820722,152.054746754467,156.915494904853,150.368860445917,144.781343944371,151.37839012593,155.387217805721,150.222451014444,154.185804364271,141.422544222325,144.350363954902,156.542304817587,155.339309110306,149.1965860622,144.750782254152,141.186243796721
